Age,Number of Applicants,Population,Percent
0 to 17,420076,10057735.787914988,4.18
18 to 25,356152,3961821.410994194,8.99
26 to 34,387430,5636764.966847029,6.87
35 to 44,240867,5513139.090513184,4.37
45 to 54,209587,5594270.132570715,3.75
55 to 64,200590,4319608.589896866,4.64
65+,109951,4473705.021263024,2.46
