Race,Number of Applicants,Population Size,Insurance Application Rate
American Indian and/or Alaska Native,11885.0,632912.7200000001,1.88
Asian,197372.0,6012670.84,3.28
Black or African American,145474.0,2571207.9250000003,5.66
Hispanic,770856.0,15466804.595,4.98
Mixed Race,47635.0,1542724.7550000001,3.09
Native Hawaiian and Other Pacific Islander,5421.0,197785.225,2.74
White,545721.0,14715220.740000002,3.71
