Value,Correlation with Poverty Rate
HIV/AIDS Rate,0.4938416459346501
Infant Mortality Rate,0.34285392967439415
Insurance Application Rate,0.35581377522212154
"Disease Rate per 100,000",0.5924922625855076
