Factor,HIV/AIDS Rate,Infant Mortality Rate,Insurance Application Rate,"Disease Rate per 100,000"
HIV/AIDS Rate,1.0,0.5825296367513328,0.6682843462782115,0.9718175581597268
Infant Mortality Rate,0.582529636751333,1.0,0.3228510689382924,0.5798656368318204
Insurance Application Rate,0.6682843462782115,0.32285106893829235,1.0,0.5889365657141843
"Disease Rate per 100,000",0.9718175581597269,0.5798656368318205,0.5889365657141844,1.0
